{"camera_matrix": [[279.59635660893935, 0.0, 324.7562743124366], [0.0, 274.8125337854654, 251.0590659796855], [0.0, 0.0, 1.0]], "dist_coeffs": [[-0.19776130719832732, 0.0382319507976289, -0.0016235887987598684, -0.0010297427595647793, -0.003061444067459783]], "err": 0.8915677284796338}