{"camera_matrix": [[269.11459175467655, 0.0, 318.8896785174727], [0.0, 262.62554966204, 248.54894259248005], [0.0, 0.0, 1.0]], "dist_coeffs": [[-0.1913802179616581, 0.04076781232772304, -0.0014647104190866982, 0.00047321030718756505, -0.0043907605166862065]], "err": 0.4467944666063116}