{"camera_matrix": [[333.1833852111547, 0.0, 327.7723204462851], [0.0, 337.3376244908818, 229.96013817983925], [0.0, 0.0, 1.0]], "dist_coeffs": [[-0.37915663345130246, 0.18478180306843126, -0.00021990379249122642, -0.0014864903771132248, -0.05061040147030076]], "err": 0.5077483684005625}