{"camera_matrix": [[79.64085215153533, 0.0, 320.6563993389255], [0.0, 84.12571590291546, 251.2753262054269], [0.0, 0.0, 1.0]], "dist_coeffs": [[-0.05275051923938263, 0.1038394141474048, 0.030102423253077965, -0.0284571924532994, 0.013767324993481139]], "err": 0.3551363139150378}