{"camera_matrix": [[1065.275541008204, 0.0, 244.11634031416727], [0.0, 1252.3541113878168, 298.36526437988425], [0.0, 0.0, 1.0]], "dist_coeffs": [[0.7187455104016082, 6.9863367940090475, 0.0698813256577151, -0.02489873432916874, -186.3004651864686]], "err": 0.311525883926769}